{
  "@context": "https://w3id.org/ro/crate/1.0/context",
  "conformsTo": {
    "@id": "https://w3id.org/ro/wfrun/process/0.1"
  },
  "@graph": [
    {
      "@id": "./",
      "@type": "Dataset",
      "conformsTo": {
        "@id": "https://w3id.org/ro/wfrun/process/0.1"
      },
      "creator": {
        "@id": "https://ror.org/02catss52",
        "@type": "Organisation"
      },
      "datePublished": "2024-05-04",
      "description": "mOTUs is a containarised pipeline for profiling shotgun metagenomic data."
    },
    {
      "@id": "krone_LSU.html",
      "@type": "Dataset",
      "name": "krona_LSU.html",
      "datePublished": "2024-05-04"
    },
    {
      "@id": "multiqc_report.html",
      "@type": "Dataset",
      "name": "multiqc_report.html",
      "datePublished": "2024-05-04"
    },
    {
      "@id": "ro-crate-metadata.json",
      "@type": "CreativeWork",
      "name": "ro-crate-metadata.json",
      "conformsTo": {
        "@id": "https://w3id.org/ro/crate/1.1"
      },
      "about": {
        "@id": "./"
      },
      "datePublished": "2024-05-04"
    },
    {
      "@id": "ro-crate-preview.html",
      "@type": "CreativeWork",
      "name": "ro-crate-preview.html",
      "datePublished": "2024-05-04"
    },
    {
      "@id": "#f20c4650b89d43b48c4b3b7c34991304",
      "@type": "CrateAction",
      "agent": [
        {
          "@id": "https://ror.org/02catss52",
          "@type": "Organisation"
        }
      ],
      "description": "mOTUs is a containarised pipeline for profiling shotgun metagenomic data.",
      "endTime": "2024-05-04",
      "instrument": [
        {
          "@id": "https://github.com/EBI-Metagenomics/motus_pipeline",
          "@type": "SoftwareApplication"
        }
      ],
      "name": "mOTUs run on SRR13778507",
      "result": [
        {
          "@id": "https://ftp.ebi.ac.uk/pub/databases/metagenomics/motus_pipeline/",
          "@type": "Dataset"
        }
      ]
    },
    {
      "@id": "https://ftp.ebi.ac.uk/pub/databases/metagenomics/motus_pipeline/",
      "@type": "Dataset",
      "@base": "arcp://uuid,1e7f0571-0407-55a3-9974-19f6c8fedf46/",
      "creator": {
        "@id": "https://ror.org/02catss52",
        "@type": "Organisation"
      },
      "hasPart": [
        {
          "@id": "arcp://uuid,1e7f0571-0407-55a3-9974-19f6c8fedf46/SRR13778507.tar.gz",
          "@type": "Dataset",
          "name": "SRR13778507.tar.gz"
        },
        {
          "@id": "arcp://uuid,1e7f0571-0407-55a3-9974-19f6c8fedf46/SRR13778507/SRR13778507.fasta",
          "@type": "Dataset",
          "name": "SRR13778507.fasta"
        },
        {
          "@id": "arcp://uuid,1e7f0571-0407-55a3-9974-19f6c8fedf46/SRR13778507/cmsearch/SRR13778507_matched_seqs_with_coords_deoverlap.tbl",
          "@type": "Dataset",
          "name": "SRR13778507_matched_seqs_with_coords_deoverlap.tbl"
        },
        {
          "@id": "arcp://uuid,1e7f0571-0407-55a3-9974-19f6c8fedf46/SRR13778507/cmsearch/SRR13778507_matched_seqs_with_coords.tbl",
          "@type": "Dataset",
          "name": "SRR13778507_matched_seqs_with_coords.tbl"
        },
        {
          "@id": "arcp://uuid,1e7f0571-0407-55a3-9974-19f6c8fedf46/SRR13778507/cmsearch/sequence-categorisation/SRR13778507_LSU_rRNA_bacteria.RF02541.fa",
          "@type": "Dataset",
          "name": "SRR13778507_LSU_rRNA_bacteria.RF02541.fa"
        },
        {
          "@id": "arcp://uuid,1e7f0571-0407-55a3-9974-19f6c8fedf46/SRR13778507/cmsearch/sequence-categorisation/SRR13778507_LSU.fasta",
          "@type": "Dataset",
          "name": "SRR13778507_LSU.fasta"
        },
        {
          "@id": "arcp://uuid,1e7f0571-0407-55a3-9974-19f6c8fedf46/SRR13778507/qc/SRR13778507_fastp_2.fastq.gz",
          "@type": "Dataset",
          "name": "SRR13778507_fastp_2.fastq.gz"
        },
        {
          "@id": "arcp://uuid,1e7f0571-0407-55a3-9974-19f6c8fedf46/SRR13778507/qc/SRR13778507_fastp_1.fastq.gz",
          "@type": "Dataset",
          "name": "SRR13778507_fastp_1.fastq.gz"
        },
        {
          "@id": "arcp://uuid,1e7f0571-0407-55a3-9974-19f6c8fedf46/SRR13778507/qc/qc_summary",
          "@type": "Dataset",
          "name": "qc_summary"
        },
        {
          "@id": "arcp://uuid,1e7f0571-0407-55a3-9974-19f6c8fedf46/SRR13778507/qc/multiqc/multiqc_report.html",
          "@type": "Dataset",
          "name": "multiqc_report.html"
        },
        {
          "@id": "arcp://uuid,1e7f0571-0407-55a3-9974-19f6c8fedf46/SRR13778507/qc/multiqc/multiqc_data/multiqc_fastp.txt",
          "@type": "Dataset",
          "name": "multiqc_fastp.txt"
        },
        {
          "@id": "arcp://uuid,1e7f0571-0407-55a3-9974-19f6c8fedf46/SRR13778507/qc/multiqc/multiqc_data/multiqc_data.json",
          "@type": "Dataset",
          "name": "multiqc_data.json"
        },
        {
          "@id": "arcp://uuid,1e7f0571-0407-55a3-9974-19f6c8fedf46/SRR13778507/qc/multiqc/multiqc_data/multiqc_sources.txt",
          "@type": "Dataset",
          "name": "multiqc_sources.txt"
        },
        {
          "@id": "arcp://uuid,1e7f0571-0407-55a3-9974-19f6c8fedf46/SRR13778507/qc/multiqc/multiqc_data/multiqc_citations.txt",
          "@type": "Dataset",
          "name": "multiqc_citations.txt"
        },
        {
          "@id": "arcp://uuid,1e7f0571-0407-55a3-9974-19f6c8fedf46/SRR13778507/qc/multiqc/multiqc_data/multiqc.log",
          "@type": "Dataset",
          "name": "multiqc.log"
        },
        {
          "@id": "arcp://uuid,1e7f0571-0407-55a3-9974-19f6c8fedf46/SRR13778507/qc/multiqc/multiqc_data/motus.txt",
          "@type": "Dataset",
          "name": "motus.txt"
        },
        {
          "@id": "arcp://uuid,1e7f0571-0407-55a3-9974-19f6c8fedf46/SRR13778507/qc/multiqc/multiqc_data/multiqc_general_stats.txt",
          "@type": "Dataset",
          "name": "multiqc_general_stats.txt"
        },
        {
          "@id": "arcp://uuid,1e7f0571-0407-55a3-9974-19f6c8fedf46/SRR13778507/qc/fastp/SRR13778507_qc_fastp.json",
          "@type": "Dataset",
          "name": "SRR13778507_qc_fastp.json"
        },
        {
          "@id": "arcp://uuid,1e7f0571-0407-55a3-9974-19f6c8fedf46/SRR13778507/qc/fastp/SRR13778507_qc_fastp.html",
          "@type": "Dataset",
          "name": "SRR13778507_qc_fastp.html"
        },
        {
          "@id": "arcp://uuid,1e7f0571-0407-55a3-9974-19f6c8fedf46/SRR13778507/qc/decontamination/SRR13778507_clean_1.fastq.gz",
          "@type": "Dataset",
          "name": "SRR13778507_clean_1.fastq.gz"
        },
        {
          "@id": "arcp://uuid,1e7f0571-0407-55a3-9974-19f6c8fedf46/SRR13778507/qc/decontamination/decontamination_output_report.txt",
          "@type": "Dataset",
          "name": "decontamination_output_report.txt"
        },
        {
          "@id": "arcp://uuid,1e7f0571-0407-55a3-9974-19f6c8fedf46/SRR13778507/qc/decontamination/SRR13778507_clean_2.fastq.gz",
          "@type": "Dataset",
          "name": "SRR13778507_clean_2.fastq.gz"
        },
        {
          "@id": "arcp://uuid,1e7f0571-0407-55a3-9974-19f6c8fedf46/SRR13778507/qc/seqprep/seqprep_output_report.txt",
          "@type": "Dataset",
          "name": "seqprep_output_report.txt"
        },
        {
          "@id": "arcp://uuid,1e7f0571-0407-55a3-9974-19f6c8fedf46/SRR13778507/qc/seqprep/SRR13778507_reverse_unmerged.fastq.gz",
          "@type": "Dataset",
          "name": "SRR13778507_reverse_unmerged.fastq.gz"
        },
        {
          "@id": "arcp://uuid,1e7f0571-0407-55a3-9974-19f6c8fedf46/SRR13778507/qc/seqprep/SRR13778507_forward_unmerged.fastq.gz",
          "@type": "Dataset",
          "name": "SRR13778507_forward_unmerged.fastq.gz"
        },
        {
          "@id": "arcp://uuid,1e7f0571-0407-55a3-9974-19f6c8fedf46/SRR13778507/qc/seqprep/SRR13778507_merged.fastq.gz",
          "@type": "Dataset",
          "name": "SRR13778507_merged.fastq.gz"
        },
        {
          "@id": "arcp://uuid,1e7f0571-0407-55a3-9974-19f6c8fedf46/SRR13778507/qc/statistics/seq-length.out.full_bin",
          "@type": "Dataset",
          "name": "seq-length.out.full_bin"
        },
        {
          "@id": "arcp://uuid,1e7f0571-0407-55a3-9974-19f6c8fedf46/SRR13778507/qc/statistics/nucleotide-distribution.out.full",
          "@type": "Dataset",
          "name": "nucleotide-distribution.out.full"
        },
        {
          "@id": "arcp://uuid,1e7f0571-0407-55a3-9974-19f6c8fedf46/SRR13778507/qc/statistics/seq-length.out.full",
          "@type": "Dataset",
          "name": "seq-length.out.full"
        },
        {
          "@id": "arcp://uuid,1e7f0571-0407-55a3-9974-19f6c8fedf46/SRR13778507/qc/statistics/summary.out",
          "@type": "Dataset",
          "name": "summary.out"
        },
        {
          "@id": "arcp://uuid,1e7f0571-0407-55a3-9974-19f6c8fedf46/SRR13778507/qc/statistics/GC-distribution.out.full_bin",
          "@type": "Dataset",
          "name": "GC-distribution.out.full_bin"
        },
        {
          "@id": "arcp://uuid,1e7f0571-0407-55a3-9974-19f6c8fedf46/SRR13778507/qc/statistics/GC-distribution.out.full_pcbin",
          "@type": "Dataset",
          "name": "GC-distribution.out.full_pcbin"
        },
        {
          "@id": "arcp://uuid,1e7f0571-0407-55a3-9974-19f6c8fedf46/SRR13778507/qc/statistics/seq-length.out.full_pcbin",
          "@type": "Dataset",
          "name": "seq-length.out.full_pcbin"
        },
        {
          "@id": "arcp://uuid,1e7f0571-0407-55a3-9974-19f6c8fedf46/SRR13778507/qc/statistics/GC-distribution.out.full",
          "@type": "Dataset",
          "name": "GC-distribution.out.full"
        },
        {
          "@id": "arcp://uuid,1e7f0571-0407-55a3-9974-19f6c8fedf46/SRR13778507/mOTUs/SRR13778507_merged.fastq.motus",
          "@type": "Dataset",
          "name": "SRR13778507_merged.fastq.motus"
        },
        {
          "@id": "arcp://uuid,1e7f0571-0407-55a3-9974-19f6c8fedf46/SRR13778507/mOTUs/SRR13778507_merged_motus.log",
          "@type": "Dataset",
          "name": "SRR13778507_merged_motus.log"
        },
        {
          "@id": "arcp://uuid,1e7f0571-0407-55a3-9974-19f6c8fedf46/SRR13778507/mOTUs/empty.motus.tsv",
          "@type": "Dataset",
          "name": "empty.motus.tsv"
        },
        {
          "@id": "arcp://uuid,1e7f0571-0407-55a3-9974-19f6c8fedf46/SRR13778507/taxonomy/LSU/SRR13778507_LSU.notaxid.tsv",
          "@type": "Dataset",
          "name": "SRR13778507_LSU.notaxid.tsv"
        },
        {
          "@id": "arcp://uuid,1e7f0571-0407-55a3-9974-19f6c8fedf46/SRR13778507/taxonomy/LSU/SRR13778507_LSU.txt",
          "@type": "Dataset",
          "name": "SRR13778507_LSU.txt"
        },
        {
          "@id": "arcp://uuid,1e7f0571-0407-55a3-9974-19f6c8fedf46/SRR13778507/taxonomy/LSU/SRR13778507_LSU.tsv",
          "@type": "Dataset",
          "name": "SRR13778507_LSU.tsv"
        },
        {
          "@id": "arcp://uuid,1e7f0571-0407-55a3-9974-19f6c8fedf46/SRR13778507/taxonomy/LSU/krona.html",
          "@type": "Dataset",
          "name": "krona.html"
        }
      ]
    }
  ]
}